{"val_loss": [0.5517921257019043, 0.5269154042005539, 0.5195567283034325, 0.5156024369597435, 0.5135611605644226, 0.5112409794330597, 0.5098605799674988, 0.509106334745884, 0.508329658806324, 0.5079494023323059, 0.5070360377430916, 0.50715715020895, 0.5068370795249939, 0.5065619432926178, 0.5063032013177872], "val_mean_absolute_error": [0.45499359905719755, 0.4475104504823685, 0.43855724155902864, 0.43479357719421385, 0.43303067952394486, 0.43176506042480467, 0.4363171660900116, 0.43611047804355624, 0.43877775222063065, 0.4310839667916298, 0.4360451325774193, 0.4309844267368317, 0.4338907879590988, 0.43824971675872804, 0.43368701249361036], "val_rmse": [0.7308616554737091, 0.7128676426410675, 0.7073274803161621, 0.7043778687715531, 0.702880722284317, 0.7012471503019333, 0.7004494577646255, 0.699929975271225, 0.6995401698350906, 0.6989316362142562, 0.6985502833127976, 0.6984155982732773, 0.6983737176656724, 0.6983798605203628, 0.6979176306724548], "val_r_square": [0.2503436279296875, 0.2841475409269333, 0.2941491168737411, 0.29952558517456057, 0.3022953855991364, 0.30544521868228913, 0.30731612265110014, 0.3083379602432251, 0.30938624024391176, 0.3099181854724884, 0.3111431521177292, 0.3109900170564652, 0.3114187663793564, 0.31178347766399384, 0.31214317500591277], "loss": [0.6233091256022454, 0.5362947820127011, 0.5219723863899708, 0.5154679658263922, 0.511111560612917, 0.50802953787148, 0.5056664077192545, 0.5035363704711199, 0.5017206445336342, 0.5003048861771822, 0.4989461800456047, 0.4977827963978052, 0.4966631203144789, 0.4957283563911915, 0.49484095044434073], "mean_absolute_error": [0.47888429135084154, 0.4483417887240648, 0.44179402619600294, 0.4388915333151817, 0.4369204119592905, 0.4355840891599655, 0.4346020095795393, 0.43372469894587995, 0.4329774784296751, 0.4324310661107302, 0.4319003337621689, 0.43147441700100897, 0.4310359502583742, 0.4306931135058403, 0.43039971359074114], "rmse": [0.7773930408060551, 0.7196272294223308, 0.7092666967213154, 0.7046660299599171, 0.70160271063447, 0.6994334577023983, 0.6977803373336792, 0.6962986224889756, 0.695040863007307, 0.6940573099255561, 0.693120618313551, 0.6923101282119751, 0.6915424999594688, 0.6909007382392883, 0.6903062903881073], "r_square": [0.1515021251142025, 0.269925075173378, 0.2894327634572983, 0.2982925319671631, 0.30420091092586515, 0.30839260905981064, 0.3116507689654827, 0.3145302225649357, 0.31698801174759866, 0.31894815504550933, 0.3207696440815926, 0.3223581564426422, 0.32387531131505964, 0.3251516018807888, 0.32636802464723585]}