{"val_loss": [0.5480754816532135, 0.5259924936294555, 0.518595851957798, 0.5147371473908424, 0.5129594773054122, 0.5115688875317573, 0.5106914141774177, 0.5105858805775643, 0.5099716237187386, 0.5100546646118164, 0.5103992173075675, 0.510583059489727, 0.5108815616369248], "val_mean_absolute_error": [0.45644191443920135, 0.43816244542598726, 0.4369684666395187, 0.44094540417194367, 0.4390640264749527, 0.44147695183753966, 0.4376614856719971, 0.4376600033044815, 0.4344231900572777, 0.4362261307239532, 0.4390283790230751, 0.4398807150125503, 0.4367901441454887], "val_rmse": [0.7281112426519394, 0.7117061948776245, 0.7066073459386826, 0.7041132289171219, 0.7028440415859223, 0.7019386672973633, 0.7011682826280594, 0.7010296821594239, 0.700498160123825, 0.7006406301259994, 0.7010423845052719, 0.7011413747072219, 0.7012697190046311], "val_r_square": [0.255405113697052, 0.2854142218828201, 0.2954639905691147, 0.30069714665412905, 0.3031103938817978, 0.30499524414539336, 0.3061965668201447, 0.30633568882942197, 0.30717001080513, 0.3070547080039978, 0.3065802425146103, 0.3063308650255203, 0.3059216529130936], "loss": [0.6164986796677112, 0.5328675862401724, 0.5180385714769363, 0.5104847131669521, 0.5053067208826542, 0.501392463222146, 0.4981293077021837, 0.4953475361317396, 0.4930325224250555, 0.49078530035912993, 0.488826666995883, 0.4869947327673435, 0.4853576523810625], "mean_absolute_error": [0.47616090066730976, 0.44658614419400694, 0.4401081426441669, 0.43682917781174185, 0.4346956308186054, 0.4330423463135958, 0.43171581625938416, 0.4305899105966091, 0.42975093573331835, 0.42892465271055696, 0.428119999691844, 0.4274769450724125, 0.42690634295344354], "rmse": [0.7728156833350659, 0.7171430851519108, 0.7065930053591728, 0.7013020864129067, 0.6976928214728833, 0.6949757282435894, 0.6927112646400928, 0.6907926131784916, 0.6892086321115494, 0.6876674450933933, 0.6863092195987701, 0.6850678145885467, 0.6839308154582977], "r_square": [0.16084193915128708, 0.27459171310067176, 0.2947995808720589, 0.3050825795531273, 0.3121294808387756, 0.31742571979761125, 0.3218900400400162, 0.3256678496301174, 0.32880022153258326, 0.33186772763729094, 0.33453300401568414, 0.33704584404826166, 0.3392779217660427]}