{"val_loss": [0.5494926518201828, 0.5261386275291443, 0.5189196291565895, 0.5151713356375694, 0.5128150388598443, 0.5110082986950875, 0.5099338668584824, 0.5089489075541497, 0.5082888516783715, 0.5085936290025711, 0.5078830525279046, 0.5071213108301162, 0.5073237651586533, 0.5072030338644982, 0.5070032766461372, 0.5069112399220467], "val_mean_absolute_error": [0.4456696280837059, 0.444204751253128, 0.4389332190155983, 0.4359290263056755, 0.43876481771469117, 0.4362794375419617, 0.43489874213933943, 0.4335659098625183, 0.43298809975385666, 0.4417965930700302, 0.43614982306957245, 0.43711279779672624, 0.4384254613518715, 0.4350857165455818, 0.43708017706871033, 0.4356452029943466], "val_rmse": [0.7285568398237229, 0.7120962566137314, 0.7068330144882202, 0.7040245872735977, 0.7026007336378097, 0.7012118464708328, 0.7004364401102066, 0.6996826273202896, 0.6992045670747757, 0.6999192547798156, 0.69913723051548, 0.6986185133457183, 0.6987983697652816, 0.6985521185398101, 0.6986162793636322, 0.6983636993169785], "val_r_square": [0.253477977514267, 0.2852061128616333, 0.29501503586769107, 0.30010862827301027, 0.303304917216301, 0.30576184153556824, 0.30721738398075105, 0.3085563516616821, 0.30945597231388094, 0.30902937293052674, 0.3100015580654144, 0.31103724479675293, 0.31075638473033906, 0.31092488050460815, 0.31119035482406615, 0.31131867110729217], "loss": [0.6244658854603767, 0.5348603573441505, 0.5211777690798044, 0.5147295313328505, 0.5105993636697531, 0.5075774995982647, 0.5051824726909399, 0.5032535512000322, 0.5015364644676447, 0.500098729506135, 0.4988154426962137, 0.4976983493566513, 0.49659625433385374, 0.4957058333605528, 0.49481359012424947, 0.4940052425861359], "mean_absolute_error": [0.4785356955975294, 0.44737358696758744, 0.44126272194087507, 0.4383928723633289, 0.43653730385005474, 0.43528267681598665, 0.4342596060037613, 0.4335125225037336, 0.43276289477944374, 0.43221966110169885, 0.43176184430718423, 0.43135673873126507, 0.43089699678122995, 0.4306274216622114, 0.4302772101759911, 0.4299932947009802], "rmse": [0.7778291311860085, 0.718475660532713, 0.7086546331644058, 0.7041071839630604, 0.7011778794229031, 0.6990745235979557, 0.6974051739275455, 0.696052437722683, 0.6948530392348766, 0.6938644795119763, 0.6929834847152233, 0.6922084927558899, 0.6914491559565067, 0.6908305753767491, 0.6902199554443359, 0.6896691484749318], "r_square": [0.15003144338726998, 0.27189072892069815, 0.29049957141280175, 0.2993092295527458, 0.3049235285818577, 0.3090266107022762, 0.31229458972811697, 0.3149080866575241, 0.3172220180928707, 0.3192075197398663, 0.3209324811398983, 0.32248318910598756, 0.3239865346252918, 0.32519831478595734, 0.3263887369632721, 0.32748269751667974]}