{"val_loss": [0.5656014335155487, 0.534245637357235, 0.5237413123250008, 0.5183109706640243, 0.5153177860379219, 0.5133070594072342, 0.5115869846940041, 0.5103003603219985, 0.5096210309863091, 0.50909115254879, 0.5083363652229309, 0.508244756758213, 0.5080939581990243, 0.5082895267009735], "val_mean_absolute_error": [0.4604132479429245, 0.44643019407987594, 0.4393280357122421, 0.4400160977244377, 0.4364693227410317, 0.43620225846767424, 0.43305773079395293, 0.435122027695179, 0.43255895853042603, 0.4312040540575981, 0.4340753346681595, 0.4333032840490341, 0.4338441967964172, 0.4396334779262543], "val_rmse": [0.7406822043657303, 0.7181368601322174, 0.7102915626764298, 0.7065811920166015, 0.7043164527416229, 0.7028897595405579, 0.7015213513374329, 0.7007288938760757, 0.7001276034116745, 0.6996543341875077, 0.6993272483348847, 0.6992604506015777, 0.6991762095689773, 0.6995675975084304], "val_r_square": [0.23159407556056977, 0.274194433093071, 0.28847083151340486, 0.29584201276302335, 0.29991108655929566, 0.30264176309108737, 0.3049801570177078, 0.3067240405082703, 0.30764397025108337, 0.3083678388595581, 0.3093890362977982, 0.30951443433761594, 0.30971764206886293, 0.3094482034444809], "loss": [0.6432636348903179, 0.5461878602951765, 0.5267454847693444, 0.5180216360092164, 0.5126138713955879, 0.5085199235379696, 0.5053020466864109, 0.5026311064511537, 0.500273035466671, 0.4982730744034052, 0.4964055412262678, 0.49474558532238005, 0.493260053396225, 0.4918145278841257], "mean_absolute_error": [0.4862568613141775, 0.45205331265926363, 0.4435182347148657, 0.43955720856785774, 0.4372307795286179, 0.43546927712857725, 0.43417320542037485, 0.43308332584798337, 0.432133511826396, 0.4313544683903456, 0.43062887862324717, 0.43003717839717864, 0.4294543948024511, 0.4289204218238592], "rmse": [0.7902513660490513, 0.7268626470863819, 0.7128174710273742, 0.7065422666072846, 0.7027242863178254, 0.6998638291656971, 0.6976194895803929, 0.6957670852541924, 0.6941142074763775, 0.6927402910590171, 0.6914493781328201, 0.6903109079599381, 0.6892855265736579, 0.6882935637235641], "r_square": [0.1243286469578743, 0.25645540684461593, 0.2829453793168068, 0.29480149611830714, 0.3021645985543728, 0.307749819457531, 0.31212330490350726, 0.3157766534388065, 0.3189713096618652, 0.3216946211457252, 0.32424232602119446, 0.3265239255130291, 0.32850135684013365, 0.33047077178955075]}