{"val_loss": [0.5650842899084091, 0.5327450925111771, 0.5234263491630554, 0.5188657006621361, 0.5152706876397133, 0.5133718013763428, 0.5115069505572319, 0.5101133632659912, 0.5095411774516105, 0.5087075477838516, 0.5082444640994072, 0.5077093371748924, 0.5072874450683593, 0.5068290036916733, 0.5067006722092628, 0.506496100127697, 0.5061767566204071, 0.5063279980421066, 0.506118289232254, 0.5061190876364708, 0.5058612051606178], "val_mean_absolute_error": [0.45666539132595063, 0.44752243340015413, 0.44464411824941635, 0.44640072613954546, 0.43592496335506437, 0.43497498661279677, 0.4374319511651993, 0.4366004964709282, 0.4337594589591026, 0.4371562367677689, 0.43017113745212554, 0.4311803212761879, 0.4330332165956497, 0.4345514303445816, 0.4387482297420502, 0.43252440214157106, 0.4358582961559296, 0.4310702058672905, 0.43213445544242857, 0.4374802678823471, 0.43448262989521025], "val_rmse": [0.740090799331665, 0.7169344931840896, 0.7102581495046616, 0.7070994871854782, 0.7040994399785996, 0.7026964783668518, 0.7015792334079742, 0.700589302778244, 0.7000949805974961, 0.699606596827507, 0.6989996558427811, 0.6986209934949875, 0.6984293639659882, 0.6982275623083115, 0.6984188085794449, 0.6978589981794358, 0.6977406144142151, 0.6976554721593857, 0.6975911796092987, 0.6979178893566131, 0.6975286346673966], "val_r_square": [0.2322891789674759, 0.2762237584590912, 0.28888392329216006, 0.2950815409421921, 0.2999694311618805, 0.3025540727376938, 0.3050805330276489, 0.3069730716943741, 0.3077501326799393, 0.30887908160686495, 0.30951509535312655, 0.31023564815521243, 0.31081396162509917, 0.3114313805103302, 0.3115996986627579, 0.31188034057617187, 0.31231130540370944, 0.3121098554134369, 0.3123903238773346, 0.31239027082920073, 0.3127423334121704], "loss": [0.6445391951501369, 0.5449012780934572, 0.526945658326149, 0.5194881313294172, 0.514965090379119, 0.5116141251474619, 0.5090837156772614, 0.5070076175779105, 0.5052533762156963, 0.503709297478199, 0.5023202885687351, 0.5011479745805264, 0.5000198309868574, 0.49900596871972086, 0.49811756901443005, 0.4972466162592173, 0.49647307209670544, 0.4957199726253748, 0.495059010758996, 0.4943509648740292, 0.4937800378352404], "mean_absolute_error": [0.4866120137274265, 0.4514020048081875, 0.443414578512311, 0.44003420807421206, 0.4380796950310469, 0.43659499123692513, 0.43548218928277493, 0.43463751330971717, 0.433895308598876, 0.4332714445888996, 0.4326922832429409, 0.4322722007334232, 0.43183911360800264, 0.4314345096796751, 0.43111883603036405, 0.4308517488092184, 0.43055124782025816, 0.43028298318386077, 0.4300651778280735, 0.4297731357067823, 0.42959497079253195], "rmse": [0.7910046054422856, 0.7257751047611236, 0.7127345980703831, 0.7074068982899189, 0.7042026245594024, 0.7018407014012337, 0.7000562810897827, 0.6986023902893066, 0.6973755551874637, 0.6963125424087048, 0.6953386946022511, 0.6945281717181205, 0.6937427127361298, 0.6930451267957687, 0.6924332505464554, 0.6918342301249504, 0.6913152062892913, 0.6907929010689259, 0.690339688360691, 0.6898500545322895, 0.6894641537964344], "r_square": [0.12271072655916214, 0.2582275587320328, 0.28267056226730347, 0.2928384205698967, 0.2989596122503281, 0.3035228642821312, 0.30697530150413516, 0.30980596974492075, 0.3121956971287727, 0.31430384442210196, 0.3161925184726715, 0.3177673928439617, 0.31932529747486116, 0.3206880828738213, 0.3219016173481941, 0.3230902668833733, 0.32412238761782647, 0.32517182007431983, 0.32605717599391937, 0.32702947840094565, 0.3277927666902542]}