{"val_loss": [0.5678019589185714, 0.5342641600966453, 0.5236126172542572, 0.5185431852936745, 0.5152798041701316, 0.5130045506358146, 0.5110782444477081, 0.5101002642512321, 0.5091678643226624, 0.5082781648635865, 0.5075527599453926, 0.5072252923250198, 0.5067077493667602, 0.5060394737124443, 0.5059506079554558, 0.5056886339187622, 0.5057610261440277, 0.5057572069764137], "val_mean_absolute_error": [0.46507267773151395, 0.4460913500189781, 0.44067030400037766, 0.4370656380057335, 0.4399376568198204, 0.43871796399354934, 0.436735477745533, 0.4359839600324631, 0.4331638345122337, 0.4379944187402725, 0.43468490332365034, 0.43532138198614123, 0.4323766750097275, 0.4342653074860573, 0.43607225239276887, 0.4307420453429222, 0.43419395089149476, 0.42885430961847304], "val_rmse": [0.7423688113689423, 0.7180021303892136, 0.710192836523056, 0.7065233319997788, 0.7044424867630005, 0.7027490270137787, 0.7013350284099579, 0.7005770152807236, 0.6998321866989136, 0.6994814211130143, 0.6987934345006943, 0.6986282020807266, 0.6981333667039871, 0.6977076303958892, 0.6977797847986221, 0.6973547595739364, 0.6975581276416779, 0.6972225373983383], "val_r_square": [0.22858960390090943, 0.27416732132434846, 0.2886402475833893, 0.2955266332626343, 0.29995388925075533, 0.3030463653802872, 0.3056641507148743, 0.30699309825897214, 0.30826099574565885, 0.3094613778591156, 0.3104544949531555, 0.31089635550975797, 0.31160073578357694, 0.31250888407230376, 0.3126259022951126, 0.3129861509799957, 0.31288483083248136, 0.31288866460323334], "loss": [0.6442765127122402, 0.5474672169983387, 0.5280218305438757, 0.5200006914883852, 0.5152805787324906, 0.5118306708335877, 0.509224586635828, 0.507035064548254, 0.5051714070141315, 0.5037140201032162, 0.5022169839590788, 0.5010036410391331, 0.49986466705799104, 0.4987926834076643, 0.49786881819367407, 0.49705385126173496, 0.49619086302816867, 0.4954246187955141], "mean_absolute_error": [0.48671020671725274, 0.4526041111350059, 0.44395115457475187, 0.4403039602190256, 0.4382097593694925, 0.436760857924819, 0.4356387858837843, 0.43472221538424494, 0.4339255589991808, 0.43334128938615324, 0.43273272782564165, 0.43228291884064673, 0.4318728282302618, 0.43140265986323356, 0.4311123470962048, 0.43083580054342746, 0.4304827603697777, 0.430232920050621], "rmse": [0.7909238885343075, 0.7277259254455566, 0.7135770574212075, 0.7077952337265014, 0.7044564574956894, 0.7020359882712364, 0.7001966044306756, 0.6986761133372784, 0.6973676539957523, 0.6963472643494606, 0.69531489148736, 0.6944744785130024, 0.6936917699873447, 0.6929453381896019, 0.6923127873241901, 0.6917695911228656, 0.6911645548045635, 0.6906357042491436], "r_square": [0.12307312041521072, 0.25468587651848795, 0.2812211415171623, 0.2921208567917347, 0.29854444801807406, 0.3032644504308701, 0.30679337814450264, 0.3097712391614914, 0.3123024395108223, 0.31428287699818613, 0.31634762153029444, 0.3179765900969505, 0.319505585283041, 0.32100353464484216, 0.3222446881234646, 0.3233388222754002, 0.3245451979339123, 0.32556687206029894]}